plant_num,isotope_lab,treatment,donor_or_recip,tissue,APE,,,,,,,
1,foliar,no_defol,d,needles,NA,,,,,,,
1,foliar,no_defol,d,stem ,0.0057,,,,,,,
1,foliar,no_defol,d,lowroot,0.0522,,,,,,,
1,foliar,no_defol,d,highroot,0.0166,,,,,,,
2,foliar,no_defol,r,needles,0.0664,,,,,,,
2,foliar,no_defol,r,stem ,0.0015,,,,,,,
2,foliar,no_defol,r,lowroot,0.0279,,,,,,,
2,foliar,no_defol,r,highroot,0.0053,,,,,,,
3,foliar,no_defol,d,needles,NA,,,,,,,
3,foliar,no_defol,d,stem ,0.0332,,,,,,,
3,foliar,no_defol,d,lowroot,0.0162,,,,,,,
3,foliar,no_defol,d,highroot,0.0181,,,,,,,
4,foliar,no_defol,r,needles,0.0350,,,,,,,
4,foliar,no_defol,r,stem ,0.0124,,,,,,,
4,foliar,no_defol,r,lowroot,0.0031,,,,,,,
4,foliar,no_defol,r,highroot,0.0241,,,,,,,
5,foliar,no_defol,d,needles,NA,,,,,,,
5,foliar,no_defol,d,stem ,0.0247,,,,,,,
5,foliar,no_defol,d,lowroot,0.0688,,,,,,,
5,foliar,no_defol,d,highroot,0.0028,,,,,,,
6,foliar,no_defol,r,needles,0.0508,,,,,,,
6,foliar,no_defol,r,stem ,0.0695,,,,,,,
6,foliar,no_defol,r,lowroot,0.0007,,,,,,,
6,foliar,no_defol,r,highroot,0.0506,,,,,,,
7,foliar,no_defol,d,needles,NA,,,,,,,
7,foliar,no_defol,d,stem ,0.0427,,,,,,,
7,foliar,no_defol,d,lowroot,0.0104,,,,,,,
7,foliar,no_defol,d,highroot,0.0363,,,,,,,
8,foliar,no_defol,r,needles,0.0068,,,,,,,
8,foliar,no_defol,r,stem ,0.0618,,,,,,,
8,foliar,no_defol,r,lowroot,0.0529,,,,,,,
8,foliar,no_defol,r,highroot,0.0007,,,,,,,
9,foliar,no_defol,d,needles,NA,,,,,,,
9,foliar,no_defol,d,stem ,0.0281,,,,,,,
9,foliar,no_defol,d,lowroot,0.0416,,,,,,,
9,foliar,no_defol,d,highroot,0.0122,,,,,,,
10,foliar,no_defol,r,needles,0.0083,,,,,,,
10,foliar,no_defol,r,stem ,0.0053,,,,,,,
10,foliar,no_defol,r,lowroot,0.0453,,,,,,,
10,foliar,no_defol,r,highroot,0.0113,,,,,,,
11,foliar,no_defol,d,needles,NA,,,,,,,
11,foliar,no_defol,d,stem ,0.0554,,,,,,,
11,foliar,no_defol,d,lowroot,0.0331,,,,,,,
11,foliar,no_defol,d,highroot,0.0586,,,,,,,
12,foliar,no_defol,r,needles,0.0364,,,,,,,
12,foliar,no_defol,r,stem ,0.0050,,,,,,,
12,foliar,no_defol,r,lowroot,0.0335,,,,,,,
12,foliar,no_defol,r,highroot,0.0103,,,,,,,
13,foliar,no_defol,d,needles,NA,,,,,,,
13,foliar,no_defol,d,stem ,0.0309,,,,,,,
13,foliar,no_defol,d,lowroot,0.0554,,,,,,,
13,foliar,no_defol,d,highroot,0.0248,,,,,,,
14,foliar,no_defol,r,needles,0.0233,,,,,,,
14,foliar,no_defol,r,stem ,0.0224,,,,,,,
14,foliar,no_defol,r,lowroot,0.0573,,,,,,,
14,foliar,no_defol,r,highroot,0.0470,,,,,,,
15,foliar,no_defol,d,needles,NA,,,,,,,
15,foliar,no_defol,d,stem ,0.0329,,,,,,,
15,foliar,no_defol,d,lowroot,0.0160,,,,,,,
15,foliar,no_defol,d,highroot,0.0317,,,,,,,
16,foliar,no_defol,r,needles,0.0012,,,,,,,
16,foliar,no_defol,r,stem ,0.0027,,,,,,,
16,foliar,no_defol,r,lowroot,0.0608,,,,,,,
16,foliar,no_defol,r,highroot,0.0483,,,,,,,
17,foliar,no_defol,d,needles,NA,,,,,,,
17,foliar,no_defol,d,stem ,0.0280,,,,,,,
17,foliar,no_defol,d,lowroot,0.0173,,,,,,,
17,foliar,no_defol,d,highroot,0.0145,,,,,,,
18,foliar,no_defol,r,needles,0.0431,,,,,,,
18,foliar,no_defol,r,stem ,0.0284,,,,,,,
18,foliar,no_defol,r,lowroot,0.0629,,,,,,,
18,foliar,no_defol,r,highroot,0.0317,,,,,,,
19,foliar,no_defol,d,needles,NA,,,,,,,
19,foliar,no_defol,d,stem ,0.0448,,,,,,,
19,foliar,no_defol,d,lowroot,0.0055,,,,,,,
19,foliar,no_defol,d,highroot,0.0634,,,,,,,
20,foliar,no_defol,r,needles,0.0062,,,,,,,
20,foliar,no_defol,r,stem ,0.0606,,,,,,,
20,foliar,no_defol,r,lowroot,0.0118,,,,,,,
20,foliar,no_defol,r,highroot,0.0078,,,,,,,
21,foliar,con_no_defol,d,needles,NA,,,,,,,
21,foliar,con_no_defol,d,stem ,0.0321,,,,,,,
21,foliar,con_no_defol,d,lowroot,0.0398,,,,,,,
21,foliar,con_no_defol,d,highroot,0.0649,,,,,,,
22,foliar,con_no_defol,r,needles,0.0499,,,,,,,
22,foliar,con_no_defol,r,stem ,0.0230,,,,,,,
22,foliar,con_no_defol,r,lowroot,0.0171,,,,,,,
22,foliar,con_no_defol,r,highroot,0.0129,,,,,,,
23,foliar,con_no_defol,d,needles,NA,,,,,,,
23,foliar,con_no_defol,d,stem ,0.0414,,,,,,,
23,foliar,con_no_defol,d,lowroot,0.0458,,,,,,,
23,foliar,con_no_defol,d,highroot,0.0033,,,,,,,
24,foliar,con_no_defol,r,needles,0.0051,,,,,,,
24,foliar,con_no_defol,r,stem ,0.0300,,,,,,,
24,foliar,con_no_defol,r,lowroot,0.0578,,,,,,,
24,foliar,con_no_defol,r,highroot,0.0003,,,,,,,
25,foliar,con_no_defol,d,needles,NA,,,,,,,
25,foliar,con_no_defol,d,stem ,0.0393,,,,,,,
25,foliar,con_no_defol,d,lowroot,0.0107,,,,,,,
25,foliar,con_no_defol,d,highroot,0.0294,,,,,,,
26,foliar,con_no_defol,r,needles,0.0011,,,,,,,
26,foliar,con_no_defol,r,stem ,0.0108,,,,,,,
26,foliar,con_no_defol,r,lowroot,0.0256,,,,,,,
26,foliar,con_no_defol,r,highroot,0.0688,,,,,,,
27,foliar,con_no_defol,d,needles,NA,,,,,,,
27,foliar,con_no_defol,d,stem ,0.0015,,,,,,,
27,foliar,con_no_defol,d,lowroot,0.0011,,,,,,,
27,foliar,con_no_defol,d,highroot,0.0490,,,,,,,
28,foliar,con_no_defol,r,needles,0.0337,,,,,,,
28,foliar,con_no_defol,r,stem ,0.0662,,,,,,,
28,foliar,con_no_defol,r,lowroot,0.0144,,,,,,,
28,foliar,con_no_defol,r,highroot,0.0446,,,,,,,
29,foliar,con_no_defol,d,needles,NA,,,,,,,
29,foliar,con_no_defol,d,stem ,0.0560,,,,,,,
29,foliar,con_no_defol,d,lowroot,0.0384,,,,,,,
29,foliar,con_no_defol,d,highroot,0.0089,,,,,,,
30,foliar,con_no_defol,r,needles,0.0610,,,,,,,
30,foliar,con_no_defol,r,stem ,0.0390,,,,,,,
30,foliar,con_no_defol,r,lowroot,0.0545,,,,,,,
30,foliar,con_no_defol,r,highroot,0.0225,,,,,,,
31,foliar,con_no_defol,d,needles,NA,,,,,,,
31,foliar,con_no_defol,d,stem ,0.0592,,,,,,,
31,foliar,con_no_defol,d,lowroot,0.0552,,,,,,,
31,foliar,con_no_defol,d,highroot,0.0200,,,,,,,
32,foliar,con_no_defol,r,needles,0.0588,,,,,,,
32,foliar,con_no_defol,r,stem ,0.0204,,,,,,,
32,foliar,con_no_defol,r,lowroot,0.0605,,,,,,,
32,foliar,con_no_defol,r,highroot,0.0113,,,,,,,
33,foliar,con_no_defol,d,needles,NA,,,,,,,
33,foliar,con_no_defol,d,stem ,0.0200,,,,,,,
33,foliar,con_no_defol,d,lowroot,0.0116,,,,,,,
33,foliar,con_no_defol,d,highroot,0.0270,,,,,,,
34,foliar,con_no_defol,r,needles,0.0018,,,,,,,
34,foliar,con_no_defol,r,stem ,0.0180,,,,,,,
34,foliar,con_no_defol,r,lowroot,0.0020,,,,,,,
34,foliar,con_no_defol,r,highroot,0.0218,,,,,,,
35,foliar,con_no_defol,d,needles,NA,,,,,,,
35,foliar,con_no_defol,d,stem ,0.0182,,,,,,,
35,foliar,con_no_defol,d,lowroot,0.0546,,,,,,,
35,foliar,con_no_defol,d,highroot,0.0339,,,,,,,
36,foliar,con_no_defol,r,needles,0.0416,,,,,,,
36,foliar,con_no_defol,r,stem ,0.0368,,,,,,,
36,foliar,con_no_defol,r,lowroot,0.0515,,,,,,,
36,foliar,con_no_defol,r,highroot,0.0379,,,,,,,
37,foliar,con_no_defol,d,needles,NA,,,,,,,
37,foliar,con_no_defol,d,stem ,0.0457,,,,,,,
37,foliar,con_no_defol,d,lowroot,0.0029,,,,,,,
37,foliar,con_no_defol,d,highroot,0.0484,,,,,,,
38,foliar,con_no_defol,r,needles,0.0417,,,,,,,
38,foliar,con_no_defol,r,stem ,0.0666,,,,,,,
38,foliar,con_no_defol,r,lowroot,0.0357,,,,,,,
38,foliar,con_no_defol,r,highroot,0.0564,,,,,,,
39,foliar,con_no_defol,d,needles,NA,,,,,,,
39,foliar,con_no_defol,d,stem ,0.0683,,,,,,,
39,foliar,con_no_defol,d,lowroot,0.0616,,,,,,,
39,foliar,con_no_defol,d,highroot,0.0687,,,,,,,
40,foliar,con_no_defol,r,needles,0.0118,,,,,,,
40,foliar,con_no_defol,r,stem ,0.0441,,,,,,,
40,foliar,con_no_defol,r,lowroot,0.0673,,,,,,,
40,foliar,con_no_defol,r,highroot,0.0535,,,,,,,
41,foliar,0.5_donor_defol,d,needles,NA,,,,,,,
41,foliar,0.5_donor_defol,d,stem ,0.0113,,,,,,,
41,foliar,0.5_donor_defol,d,lowroot,0.0532,,,,,,,
41,foliar,0.5_donor_defol,d,highroot,0.0065,,,,,,,
42,foliar,0.5_donor_defol,r,needles,0.0288,,,,,,,
42,foliar,0.5_donor_defol,r,stem ,0.0417,,,,,,,
42,foliar,0.5_donor_defol,r,lowroot,0.0105,,,,,,,
42,foliar,0.5_donor_defol,r,highroot,0.0618,,,,,,,
43,foliar,0.5_donor_defol,d,needles,NA,,,,,,,
43,foliar,0.5_donor_defol,d,stem ,0.0188,,,,,,,
43,foliar,0.5_donor_defol,d,lowroot,0.0562,,,,,,,
43,foliar,0.5_donor_defol,d,highroot,0.0383,,,,,,,
44,foliar,0.5_donor_defol,r,needles,0.0467,,,,,,,
44,foliar,0.5_donor_defol,r,stem ,0.0043,,,,,,,
44,foliar,0.5_donor_defol,r,lowroot,0.0393,,,,,,,
44,foliar,0.5_donor_defol,r,highroot,0.0128,,,,,,,
45,foliar,0.5_donor_defol,d,needles,NA,,,,,,,
45,foliar,0.5_donor_defol,d,stem ,0.0509,,,,,,,
45,foliar,0.5_donor_defol,d,lowroot,0.0058,,,,,,,
45,foliar,0.5_donor_defol,d,highroot,0.0231,,,,,,,
46,foliar,0.5_donor_defol,r,needles,0.0238,,,,,,,
46,foliar,0.5_donor_defol,r,stem ,0.0502,,,,,,,
46,foliar,0.5_donor_defol,r,lowroot,0.0127,,,,,,,
46,foliar,0.5_donor_defol,r,highroot,0.0286,,,,,,,
47,foliar,0.5_donor_defol,d,needles,NA,,,,,,,
47,foliar,0.5_donor_defol,d,stem ,0.0108,,,,,,,
47,foliar,0.5_donor_defol,d,lowroot,0.0568,,,,,,,
47,foliar,0.5_donor_defol,d,highroot,0.0107,,,,,,,
48,foliar,0.5_donor_defol,r,needles,0.0349,,,,,,,
48,foliar,0.5_donor_defol,r,stem ,0.0272,,,,,,,
48,foliar,0.5_donor_defol,r,lowroot,0.0409,,,,,,,
48,foliar,0.5_donor_defol,r,highroot,0.0170,,,,,,,
49,foliar,0.5_donor_defol,d,needles,NA,,,,,,,
49,foliar,0.5_donor_defol,d,stem ,0.0323,,,,,,,
49,foliar,0.5_donor_defol,d,lowroot,0.0360,,,,,,,
49,foliar,0.5_donor_defol,d,highroot,0.0421,,,,,,,
50,foliar,0.5_donor_defol,r,needles,0.0597,,,,,,,
50,foliar,0.5_donor_defol,r,stem ,0.0079,,,,,,,
50,foliar,0.5_donor_defol,r,lowroot,0.0661,,,,,,,
50,foliar,0.5_donor_defol,r,highroot,0.0681,,,,,,,
51,foliar,0.5_recip_defol,d,needles,NA,,,,,,,
51,foliar,0.5_recip_defol,d,stem ,0.0383,,,,,,,
51,foliar,0.5_recip_defol,d,lowroot,0.0332,,,,,,,
51,foliar,0.5_recip_defol,d,highroot,0.0570,,,,,,,
52,foliar,0.5_recip_defol,r,needles,0.0212,,,,,,,
52,foliar,0.5_recip_defol,r,stem ,0.0453,,,,,,,
52,foliar,0.5_recip_defol,r,lowroot,0.0146,,,,,,,
52,foliar,0.5_recip_defol,r,highroot,0.0479,,,,,,,
53,foliar,0.5_recip_defol,d,needles,NA,,,,,,,
53,foliar,0.5_recip_defol,d,stem ,0.0551,,,,,,,
53,foliar,0.5_recip_defol,d,lowroot,0.0439,,,,,,,
53,foliar,0.5_recip_defol,d,highroot,0.0682,,,,,,,
54,foliar,0.5_recip_defol,r,needles,0.0588,,,,,,,
54,foliar,0.5_recip_defol,r,stem ,0.0344,,,,,,,
54,foliar,0.5_recip_defol,r,lowroot,0.0321,,,,,,,
54,foliar,0.5_recip_defol,r,highroot,0.0068,,,,,,,
55,foliar,0.5_recip_defol,d,needles,NA,,,,,,,
55,foliar,0.5_recip_defol,d,stem ,0.0263,,,,,,,
55,foliar,0.5_recip_defol,d,lowroot,0.0548,,,,,,,
55,foliar,0.5_recip_defol,d,highroot,0.0449,,,,,,,
56,foliar,0.5_recip_defol,r,needles,0.0601,,,,,,,
56,foliar,0.5_recip_defol,r,stem ,0.0227,,,,,,,
56,foliar,0.5_recip_defol,r,lowroot,0.0458,,,,,,,
56,foliar,0.5_recip_defol,r,highroot,0.0345,,,,,,,
57,foliar,0.5_recip_defol,d,needles,NA,,,,,,,
57,foliar,0.5_recip_defol,d,stem ,0.0134,,,,,,,
57,foliar,0.5_recip_defol,d,lowroot,0.0549,,,,,,,
57,foliar,0.5_recip_defol,d,highroot,0.0023,,,,,,,
58,foliar,0.5_recip_defol,r,needles,0.0465,,,,,,,
58,foliar,0.5_recip_defol,r,stem ,0.0293,,,,,,,
58,foliar,0.5_recip_defol,r,lowroot,0.0197,,,,,,,
58,foliar,0.5_recip_defol,r,highroot,0.0491,,,,,,,
59,foliar,0.5_recip_defol,d,needles,NA,,,,,,,
59,foliar,0.5_recip_defol,d,stem ,0.0414,,,,,,,
59,foliar,0.5_recip_defol,d,lowroot,0.0442,,,,,,,
59,foliar,0.5_recip_defol,d,highroot,0.0579,,,,,,,
60,foliar,0.5_recip_defol,r,needles,0.0420,,,,,,,
60,foliar,0.5_recip_defol,r,stem ,0.0302,,,,,,,
60,foliar,0.5_recip_defol,r,lowroot,0.0627,,,,,,,
60,foliar,0.5_recip_defol,r,highroot,0.0081,,,,,,,
61,foliar,con_0.5_donor_defol,d,needles,NA,,,,,,,
61,foliar,con_0.5_donor_defol,d,stem ,0.0016,,,,,,,
61,foliar,con_0.5_donor_defol,d,lowroot,0.0204,,,,,,,
61,foliar,con_0.5_donor_defol,d,highroot,0.0422,,,,,,,
62,foliar,con_0.5_donor_defol,r,needles,0.0488,,,,,,,
62,foliar,con_0.5_donor_defol,r,stem ,0.0491,,,,,,,
62,foliar,con_0.5_donor_defol,r,lowroot,0.0521,,,,,,,
62,foliar,con_0.5_donor_defol,r,highroot,0.0026,,,,,,,
63,foliar,con_0.5_donor_defol,d,needles,NA,,,,,,,
63,foliar,con_0.5_donor_defol,d,stem ,0.0015,,,,,,,
63,foliar,con_0.5_donor_defol,d,lowroot,0.0640,,,,,,,
63,foliar,con_0.5_donor_defol,d,highroot,0.0544,,,,,,,
64,foliar,con_0.5_donor_defol,r,needles,0.0335,,,,,,,
64,foliar,con_0.5_donor_defol,r,stem ,0.0570,,,,,,,
64,foliar,con_0.5_donor_defol,r,lowroot,0.0052,,,,,,,
64,foliar,con_0.5_donor_defol,r,highroot,0.0197,,,,,,,
65,foliar,con_0.5_donor_defol,d,needles,NA,,,,,,,
65,foliar,con_0.5_donor_defol,d,stem ,0.0545,,,,,,,
65,foliar,con_0.5_donor_defol,d,lowroot,0.0480,,,,,,,
65,foliar,con_0.5_donor_defol,d,highroot,0.0401,,,,,,,
66,foliar,con_0.5_donor_defol,r,needles,0.0360,,,,,,,
66,foliar,con_0.5_donor_defol,r,stem ,0.0152,,,,,,,
66,foliar,con_0.5_donor_defol,r,lowroot,0.0041,,,,,,,
66,foliar,con_0.5_donor_defol,r,highroot,0.0137,,,,,,,
67,foliar,con_0.5_donor_defol,d,needles,NA,,,,,,,
67,foliar,con_0.5_donor_defol,d,stem ,0.0427,,,,,,,
67,foliar,con_0.5_donor_defol,d,lowroot,0.0076,,,,,,,
67,foliar,con_0.5_donor_defol,d,highroot,0.0185,,,,,,,
68,foliar,con_0.5_donor_defol,r,needles,0.0211,,,,,,,
68,foliar,con_0.5_donor_defol,r,stem ,0.0668,,,,,,,
68,foliar,con_0.5_donor_defol,r,lowroot,0.0213,,,,,,,
68,foliar,con_0.5_donor_defol,r,highroot,0.0173,,,,,,,
69,foliar,con_0.5_donor_defol,d,needles,NA,,,,,,,
69,foliar,con_0.5_donor_defol,d,stem ,0.0105,,,,,,,
69,foliar,con_0.5_donor_defol,d,lowroot,0.0647,,,,,,,
69,foliar,con_0.5_donor_defol,d,highroot,0.0643,,,,,,,
70,foliar,con_0.5_donor_defol,r,needles,0.0670,,,,,,,
70,foliar,con_0.5_donor_defol,r,stem ,0.0093,,,,,,,
70,foliar,con_0.5_donor_defol,r,lowroot,0.0019,,,,,,,
70,foliar,con_0.5_donor_defol,r,highroot,0.0078,,,,,,,
71,foliar,con_0.5_recip_defol,d,needles,NA,,,,,,,
71,foliar,con_0.5_recip_defol,d,stem ,0.0614,,,,,,,
71,foliar,con_0.5_recip_defol,d,lowroot,0.0147,,,,,,,
71,foliar,con_0.5_recip_defol,d,highroot,0.0050,,,,,,,
72,foliar,con_0.5_recip_defol,r,needles,0.0641,,,,,,,
72,foliar,con_0.5_recip_defol,r,stem ,0.0468,,,,,,,
72,foliar,con_0.5_recip_defol,r,lowroot,0.0138,,,,,,,
72,foliar,con_0.5_recip_defol,r,highroot,0.0396,,,,,,,
73,foliar,con_0.5_recip_defol,d,needles,NA,,,,,,,
73,foliar,con_0.5_recip_defol,d,stem ,0.0388,,,,,,,
73,foliar,con_0.5_recip_defol,d,lowroot,0.0607,,,,,,,
73,foliar,con_0.5_recip_defol,d,highroot,0.0265,,,,,,,
74,foliar,con_0.5_recip_defol,r,needles,0.0488,,,,,,,
74,foliar,con_0.5_recip_defol,r,stem ,0.0318,,,,,,,
74,foliar,con_0.5_recip_defol,r,lowroot,0.0316,,,,,,,
74,foliar,con_0.5_recip_defol,r,highroot,0.0563,,,,,,,
75,foliar,con_0.5_recip_defol,d,needles,NA,,,,,,,
75,foliar,con_0.5_recip_defol,d,stem ,0.0106,,,,,,,
75,foliar,con_0.5_recip_defol,d,lowroot,0.0044,,,,,,,
75,foliar,con_0.5_recip_defol,d,highroot,0.0686,,,,,,,
76,foliar,con_0.5_recip_defol,r,needles,0.0539,,,,,,,
76,foliar,con_0.5_recip_defol,r,stem ,0.0451,,,,,,,
76,foliar,con_0.5_recip_defol,r,lowroot,0.0174,,,,,,,
76,foliar,con_0.5_recip_defol,r,highroot,0.0072,,,,,,,
77,foliar,con_0.5_recip_defol,d,needles,NA,,,,,,,
77,foliar,con_0.5_recip_defol,d,stem ,0.0409,,,,,,,
77,foliar,con_0.5_recip_defol,d,lowroot,0.0321,,,,,,,
77,foliar,con_0.5_recip_defol,d,highroot,0.0286,,,,,,,
78,foliar,con_0.5_recip_defol,r,needles,0.0569,,,,,,,
78,foliar,con_0.5_recip_defol,r,stem ,0.0026,,,,,,,
78,foliar,con_0.5_recip_defol,r,lowroot,0.0650,,,,,,,
78,foliar,con_0.5_recip_defol,r,highroot,0.0091,,,,,,,
79,foliar,con_0.5_recip_defol,d,needles,NA,,,,,,,
79,foliar,con_0.5_recip_defol,d,stem ,0.0579,,,,,,,
79,foliar,con_0.5_recip_defol,d,lowroot,0.0078,,,,,,,
79,foliar,con_0.5_recip_defol,d,highroot,0.0110,,,,,,,
80,foliar,con_0.5_recip_defol,r,needles,0.0613,,,,,,,
80,foliar,con_0.5_recip_defol,r,stem ,0.0504,,,,,,,
80,foliar,con_0.5_recip_defol,r,lowroot,0.0262,,,,,,,
80,foliar,con_0.5_recip_defol,r,highroot,0.0579,,,,,,,
81,foliar,0.75_donor_defol,d,needles,NA,,,,,,,
81,foliar,0.75_donor_defol,d,stem ,0.0161,,,,,,,
81,foliar,0.75_donor_defol,d,lowroot,0.0150,,,,,,,
81,foliar,0.75_donor_defol,d,highroot,0.0062,,,,,,,
82,foliar,0.75_donor_defol,r,needles,0.0636,,,,,,,
82,foliar,0.75_donor_defol,r,stem ,0.0084,,,,,,,
82,foliar,0.75_donor_defol,r,lowroot,0.0110,,,,,,,
82,foliar,0.75_donor_defol,r,highroot,0.0327,,,,,,,
83,foliar,0.75_donor_defol,d,needles,NA,,,,,,,
83,foliar,0.75_donor_defol,d,stem ,0.0692,,,,,,,
83,foliar,0.75_donor_defol,d,lowroot,0.0282,,,,,,,
83,foliar,0.75_donor_defol,d,highroot,0.0016,,,,,,,
84,foliar,0.75_donor_defol,r,needles,0.0296,,,,,,,
84,foliar,0.75_donor_defol,r,stem ,0.0529,,,,,,,
84,foliar,0.75_donor_defol,r,lowroot,0.0652,,,,,,,
84,foliar,0.75_donor_defol,r,highroot,0.0282,,,,,,,
85,foliar,0.75_donor_defol,d,needles,NA,,,,,,,
85,foliar,0.75_donor_defol,d,stem ,0.0251,,,,,,,
85,foliar,0.75_donor_defol,d,lowroot,0.0232,,,,,,,
85,foliar,0.75_donor_defol,d,highroot,0.0342,,,,,,,
86,foliar,0.75_donor_defol,r,needles,0.0229,,,,,,,
86,foliar,0.75_donor_defol,r,stem ,0.0371,,,,,,,
86,foliar,0.75_donor_defol,r,lowroot,0.0378,,,,,,,
86,foliar,0.75_donor_defol,r,highroot,0.0456,,,,,,,
87,foliar,0.75_donor_defol,d,needles,NA,,,,,,,
87,foliar,0.75_donor_defol,d,stem ,0.0635,,,,,,,
87,foliar,0.75_donor_defol,d,lowroot,0.0617,,,,,,,
87,foliar,0.75_donor_defol,d,highroot,0.0262,,,,,,,
88,foliar,0.75_donor_defol,r,needles,0.0141,,,,,,,
88,foliar,0.75_donor_defol,r,stem ,0.0600,,,,,,,
88,foliar,0.75_donor_defol,r,lowroot,0.0490,,,,,,,
88,foliar,0.75_donor_defol,r,highroot,0.0152,,,,,,,
89,foliar,0.75_donor_defol,d,needles,NA,,,,,,,
89,foliar,0.75_donor_defol,d,stem ,0.0344,,,,,,,
89,foliar,0.75_donor_defol,d,lowroot,0.0336,,,,,,,
89,foliar,0.75_donor_defol,d,highroot,0.0186,,,,,,,
90,foliar,0.75_donor_defol,r,needles,0.0076,,,,,,,
90,foliar,0.75_donor_defol,r,stem ,0.0666,,,,,,,
90,foliar,0.75_donor_defol,r,lowroot,0.0681,,,,,,,
90,foliar,0.75_donor_defol,r,highroot,0.0572,,,,,,,
91,foliar,0.75_recip_defol,d,needles,NA,,,,,,,
91,foliar,0.75_recip_defol,d,stem ,0.0211,,,,,,,
91,foliar,0.75_recip_defol,d,lowroot,0.0115,,,,,,,
91,foliar,0.75_recip_defol,d,highroot,0.0068,,,,,,,
92,foliar,0.75_recip_defol,r,needles,0.0033,,,,,,,
92,foliar,0.75_recip_defol,r,stem ,0.0472,,,,,,,
92,foliar,0.75_recip_defol,r,lowroot,0.0294,,,,,,,
92,foliar,0.75_recip_defol,r,highroot,0.0191,,,,,,,
93,foliar,0.75_recip_defol,d,needles,NA,,,,,,,
93,foliar,0.75_recip_defol,d,stem ,0.0634,,,,,,,
93,foliar,0.75_recip_defol,d,lowroot,0.0433,,,,,,,
93,foliar,0.75_recip_defol,d,highroot,0.0646,,,,,,,
94,foliar,0.75_recip_defol,r,needles,0.0604,,,,,,,
94,foliar,0.75_recip_defol,r,stem ,0.0360,,,,,,,
94,foliar,0.75_recip_defol,r,lowroot,0.0126,,,,,,,
94,foliar,0.75_recip_defol,r,highroot,0.0478,,,,,,,
95,foliar,0.75_recip_defol,d,needles,NA,,,,,,,
95,foliar,0.75_recip_defol,d,stem ,0.0463,,,,,,,
95,foliar,0.75_recip_defol,d,lowroot,0.0549,,,,,,,
95,foliar,0.75_recip_defol,d,highroot,0.0581,,,,,,,
96,foliar,0.75_recip_defol,r,needles,0.0039,,,,,,,
96,foliar,0.75_recip_defol,r,stem ,0.0239,,,,,,,
96,foliar,0.75_recip_defol,r,lowroot,0.0359,,,,,,,
96,foliar,0.75_recip_defol,r,highroot,0.0340,,,,,,,
97,foliar,0.75_recip_defol,d,needles,NA,,,,,,,
97,foliar,0.75_recip_defol,d,stem ,0.0602,,,,,,,
97,foliar,0.75_recip_defol,d,lowroot,0.0163,,,,,,,
97,foliar,0.75_recip_defol,d,highroot,0.0511,,,,,,,
98,foliar,0.75_recip_defol,r,needles,0.0132,,,,,,,
98,foliar,0.75_recip_defol,r,stem ,0.0125,,,,,,,
98,foliar,0.75_recip_defol,r,lowroot,0.0520,,,,,,,
98,foliar,0.75_recip_defol,r,highroot,0.0500,,,,,,,
99,foliar,0.75_recip_defol,d,needles,NA,,,,,,,
99,foliar,0.75_recip_defol,d,stem ,0.0680,,,,,,,
99,foliar,0.75_recip_defol,d,lowroot,0.0409,,,,,,,
99,foliar,0.75_recip_defol,d,highroot,0.0149,,,,,,,
100,foliar,0.75_recip_defol,r,needles,0.0547,,,,,,,
100,foliar,0.75_recip_defol,r,stem ,0.0588,,,,,,,
100,foliar,0.75_recip_defol,r,lowroot,0.0040,,,,,,,
100,foliar,0.75_recip_defol,r,highroot,0.0549,,,,,,,
101,foliar,con_0.75_donor_defol,d,needles,NA,,,,,,,
101,foliar,con_0.75_donor_defol,d,stem ,0.0460,,,,,,,
101,foliar,con_0.75_donor_defol,d,lowroot,0.0532,,,,,,,
101,foliar,con_0.75_donor_defol,d,highroot,0.0302,,,,,,,
102,foliar,con_0.75_donor_defol,r,needles,0.0492,,,,,,,
102,foliar,con_0.75_donor_defol,r,stem ,0.0457,,,,,,,
102,foliar,con_0.75_donor_defol,r,lowroot,0.0527,,,,,,,
102,foliar,con_0.75_donor_defol,r,highroot,0.0511,,,,,,,
103,foliar,con_0.75_donor_defol,d,needles,NA,,,,,,,
103,foliar,con_0.75_donor_defol,d,stem ,0.0559,,,,,,,
103,foliar,con_0.75_donor_defol,d,lowroot,0.0677,,,,,,,
103,foliar,con_0.75_donor_defol,d,highroot,0.0247,,,,,,,
104,foliar,con_0.75_donor_defol,r,needles,0.0264,,,,,,,
104,foliar,con_0.75_donor_defol,r,stem ,0.0388,,,,,,,
104,foliar,con_0.75_donor_defol,r,lowroot,0.0658,,,,,,,
104,foliar,con_0.75_donor_defol,r,highroot,0.0483,,,,,,,
105,foliar,con_0.75_donor_defol,d,needles,NA,,,,,,,
105,foliar,con_0.75_donor_defol,d,stem ,0.0558,,,,,,,
105,foliar,con_0.75_donor_defol,d,lowroot,0.0314,,,,,,,
105,foliar,con_0.75_donor_defol,d,highroot,0.0131,,,,,,,
106,foliar,con_0.75_donor_defol,r,needles,0.0526,,,,,,,
106,foliar,con_0.75_donor_defol,r,stem ,0.0409,,,,,,,
106,foliar,con_0.75_donor_defol,r,lowroot,0.0171,,,,,,,
106,foliar,con_0.75_donor_defol,r,highroot,0.0301,,,,,,,
107,foliar,con_0.75_donor_defol,d,needles,NA,,,,,,,
107,foliar,con_0.75_donor_defol,d,stem ,0.0661,,,,,,,
107,foliar,con_0.75_donor_defol,d,lowroot,0.0433,,,,,,,
107,foliar,con_0.75_donor_defol,d,highroot,0.0689,,,,,,,
108,foliar,con_0.75_donor_defol,r,needles,0.0134,,,,,,,
108,foliar,con_0.75_donor_defol,r,stem ,0.0231,,,,,,,
108,foliar,con_0.75_donor_defol,r,lowroot,0.0447,,,,,,,
108,foliar,con_0.75_donor_defol,r,highroot,0.0452,,,,,,,
109,foliar,con_0.75_donor_defol,d,needles,NA,,,,,,,
109,foliar,con_0.75_donor_defol,d,stem ,0.0305,,,,,,,
109,foliar,con_0.75_donor_defol,d,lowroot,0.0321,,,,,,,
109,foliar,con_0.75_donor_defol,d,highroot,0.0617,,,,,,,
110,foliar,con_0.75_donor_defol,r,needles,0.0336,,,,,,,
110,foliar,con_0.75_donor_defol,r,stem ,0.0033,,,,,,,
110,foliar,con_0.75_donor_defol,r,lowroot,0.0685,,,,,,,
110,foliar,con_0.75_donor_defol,r,highroot,0.0203,,,,,,,
111,foliar,con_0.75_recip_defol,d,needles,NA,,,,,,,
111,foliar,con_0.75_recip_defol,d,stem ,0.0112,,,,,,,
111,foliar,con_0.75_recip_defol,d,lowroot,0.0559,,,,,,,
111,foliar,con_0.75_recip_defol,d,highroot,0.0431,,,,,,,
112,foliar,con_0.75_recip_defol,r,needles,0.0139,,,,,,,
112,foliar,con_0.75_recip_defol,r,stem ,0.0555,,,,,,,
112,foliar,con_0.75_recip_defol,r,lowroot,0.0523,,,,,,,
112,foliar,con_0.75_recip_defol,r,highroot,0.0608,,,,,,,
113,foliar,con_0.75_recip_defol,d,needles,NA,,,,,,,
113,foliar,con_0.75_recip_defol,d,stem ,0.0259,,,,,,,
113,foliar,con_0.75_recip_defol,d,lowroot,0.0232,,,,,,,
113,foliar,con_0.75_recip_defol,d,highroot,0.0368,,,,,,,
114,foliar,con_0.75_recip_defol,r,needles,0.0465,,,,,,,
,foliar,con_0.75_recip_defol,r,stem ,0.0661,,,,,,,
,foliar,con_0.75_recip_defol,r,lowroot,0.0335,,,,,,,
,foliar,con_0.75_recip_defol,r,highroot,0.0449,,,,,,,
115,foliar,con_0.75_recip_defol,d,needles,NA,,,,,,,
,foliar,con_0.75_recip_defol,d,stem ,0.0226,,,,,,,
,foliar,con_0.75_recip_defol,d,lowroot,0.0575,,,,,,,
,foliar,con_0.75_recip_defol,d,highroot,0.0369,,,,,,,
116,foliar,con_0.75_recip_defol,r,needles,0.0354,,,,,,,
,foliar,con_0.75_recip_defol,r,stem ,0.0603,,,,,,,
,foliar,con_0.75_recip_defol,r,lowroot,0.0621,,,,,,,
,foliar,con_0.75_recip_defol,r,highroot,0.0465,,,,,,,
117,foliar,con_0.75_recip_defol,d,needles,NA,,,,,,,
,foliar,con_0.75_recip_defol,d,stem ,0.0621,,,,,,,
,foliar,con_0.75_recip_defol,d,lowroot,0.0206,,,,,,,
,foliar,con_0.75_recip_defol,d,highroot,0.0657,,,,,,,
118,foliar,con_0.75_recip_defol,r,needles,0.0281,,,,,,,
,foliar,con_0.75_recip_defol,r,stem ,0.0002,,,,,,,
,foliar,con_0.75_recip_defol,r,lowroot,0.0117,,,,,,,
,foliar,con_0.75_recip_defol,r,highroot,0.0002,,,,,,,
119,foliar,con_0.75_recip_defol,d,needles,NA,,,,,,,
,foliar,con_0.75_recip_defol,d,stem ,0.0648,,,,,,,
,foliar,con_0.75_recip_defol,d,lowroot,0.0244,,,,,,,
,foliar,con_0.75_recip_defol,d,highroot,0.0396,,,,,,,
120,foliar,con_0.75_recip_defol,r,needles,0.0567,,,,,,,
,foliar,con_0.75_recip_defol,r,stem ,0.0322,,,,,,,
,foliar,con_0.75_recip_defol,r,lowroot,0.0399,,,,,,,
,foliar,con_0.75_recip_defol,r,highroot,0.0178,,,,,,,
121,foliar,1.0_donor_defol,d,needles,NA,,,,,,,
,foliar,1.0_donor_defol,d,stem ,0.0027,,,,,,,
,foliar,1.0_donor_defol,d,lowroot,0.0396,,,,,,,
,foliar,1.0_donor_defol,d,highroot,0.0055,,,,,,,
122,foliar,1.0_donor_defol,r,needles,0.0344,,,,,,,
,foliar,1.0_donor_defol,r,stem ,0.0077,,,,,,,
,foliar,1.0_donor_defol,r,lowroot,0.0078,,,,,,,
,foliar,1.0_donor_defol,r,highroot,0.0612,,,,,,,
123,foliar,1.0_donor_defol,d,needles,NA,,,,,,,
,foliar,1.0_donor_defol,d,stem ,0.0035,,,,,,,
,foliar,1.0_donor_defol,d,lowroot,0.0479,,,,,,,
,foliar,1.0_donor_defol,d,highroot,0.0449,,,,,,,
124,foliar,1.0_donor_defol,r,needles,0.0089,,,,,,,
,foliar,1.0_donor_defol,r,stem ,0.0431,,,,,,,
,foliar,1.0_donor_defol,r,lowroot,0.0068,,,,,,,
,foliar,1.0_donor_defol,r,highroot,0.0374,,,,,,,
125,foliar,1.0_donor_defol,d,needles,NA,,,,,,,
,foliar,1.0_donor_defol,d,stem ,0.0172,,,,,,,
,foliar,1.0_donor_defol,d,lowroot,0.0410,,,,,,,
,foliar,1.0_donor_defol,d,highroot,0.0355,,,,,,,
126,foliar,1.0_donor_defol,r,needles,0.0671,,,,,,,
,foliar,1.0_donor_defol,r,stem ,0.0364,,,,,,,
,foliar,1.0_donor_defol,r,lowroot,0.0647,,,,,,,
,foliar,1.0_donor_defol,r,highroot,0.0283,,,,,,,
127,foliar,1.0_donor_defol,d,needles,NA,,,,,,,
,foliar,1.0_donor_defol,d,stem ,0.0379,,,,,,,
,foliar,1.0_donor_defol,d,lowroot,0.0154,,,,,,,
,foliar,1.0_donor_defol,d,highroot,0.0081,,,,,,,
128,foliar,1.0_donor_defol,r,needles,0.0091,,,,,,,
,foliar,1.0_donor_defol,r,stem ,0.0073,,,,,,,
,foliar,1.0_donor_defol,r,lowroot,0.0412,,,,,,,
,foliar,1.0_donor_defol,r,highroot,0.0259,,,,,,,
129,foliar,1.0_donor_defol,d,needles,NA,,,,,,,
,foliar,1.0_donor_defol,d,stem ,0.0287,,,,,,,
,foliar,1.0_donor_defol,d,lowroot,0.0149,,,,,,,
,foliar,1.0_donor_defol,d,highroot,0.0165,,,,,,,
130,foliar,1.0_donor_defol,r,needles,0.0273,,,,,,,
,foliar,1.0_donor_defol,r,stem ,0.0021,,,,,,,
,foliar,1.0_donor_defol,r,lowroot,0.0227,,,,,,,
,foliar,1.0_donor_defol,r,highroot,0.0663,,,,,,,
131,foliar,1.0_recip_defol,d,needles,NA,,,,,,,
,foliar,1.0_recip_defol,d,stem ,0.0019,,,,,,,
,foliar,1.0_recip_defol,d,lowroot,0.0291,,,,,,,
,foliar,1.0_recip_defol,d,highroot,0.0081,,,,,,,
132,foliar,1.0_recip_defol,r,needles,0.0515,,,,,,,
,foliar,1.0_recip_defol,r,stem ,0.0522,,,,,,,
,foliar,1.0_recip_defol,r,lowroot,0.0238,,,,,,,
,foliar,1.0_recip_defol,r,highroot,0.0541,,,,,,,
133,foliar,1.0_recip_defol,d,needles,NA,,,,,,,
,foliar,1.0_recip_defol,d,stem ,0.0310,,,,,,,
,foliar,1.0_recip_defol,d,lowroot,0.0523,,,,,,,
,foliar,1.0_recip_defol,d,highroot,0.0030,,,,,,,
134,foliar,1.0_recip_defol,r,needles,0.0601,,,,,,,
,foliar,1.0_recip_defol,r,stem ,0.0246,,,,,,,
,foliar,1.0_recip_defol,r,lowroot,0.0461,,,,,,,
,foliar,1.0_recip_defol,r,highroot,0.0096,,,,,,,
135,foliar,1.0_recip_defol,d,needles,NA,,,,,,,
,foliar,1.0_recip_defol,d,stem ,0.0572,,,,,,,
,foliar,1.0_recip_defol,d,lowroot,0.0453,,,,,,,
,foliar,1.0_recip_defol,d,highroot,0.0605,,,,,,,
136,foliar,1.0_recip_defol,r,needles,0.0598,,,,,,,
,foliar,1.0_recip_defol,r,stem ,0.0337,,,,,,,
,foliar,1.0_recip_defol,r,lowroot,0.0284,,,,,,,
,foliar,1.0_recip_defol,r,highroot,0.0636,,,,,,,
137,foliar,1.0_recip_defol,d,needles,NA,,,,,,,
,foliar,1.0_recip_defol,d,stem ,0.0260,,,,,,,
,foliar,1.0_recip_defol,d,lowroot,0.0373,,,,,,,
,foliar,1.0_recip_defol,d,highroot,0.0365,,,,,,,
138,foliar,1.0_recip_defol,r,needles,0.0433,,,,,,,
,foliar,1.0_recip_defol,r,stem ,0.0221,,,,,,,
,foliar,1.0_recip_defol,r,lowroot,0.0392,,,,,,,
,foliar,1.0_recip_defol,r,highroot,0.0333,,,,,,,
139,foliar,1.0_recip_defol,d,needles,NA,,,,,,,
,foliar,1.0_recip_defol,d,stem ,0.0232,,,,,,,
,foliar,1.0_recip_defol,d,lowroot,0.0428,,,,,,,
,foliar,1.0_recip_defol,d,highroot,0.0504,,,,,,,
140,foliar,1.0_recip_defol,r,needles,0.0373,,,,,,,
,foliar,1.0_recip_defol,r,stem ,0.0542,,,,,,,
,foliar,1.0_recip_defol,r,lowroot,0.0173,,,,,,,
,foliar,1.0_recip_defol,r,highroot,0.0358,,,,,,,
141,foliar,con_1.0_donor_defol,d,needles,NA,,,,,,,
,foliar,con_1.0_donor_defol,d,stem ,0.0141,,,,,,,
,foliar,con_1.0_donor_defol,d,lowroot,0.0134,,,,,,,
,foliar,con_1.0_donor_defol,d,highroot,0.0430,,,,,,,
142,foliar,con_1.0_donor_defol,r,needles,0.0346,,,,,,,
,foliar,con_1.0_donor_defol,r,stem ,0.0531,,,,,,,
,foliar,con_1.0_donor_defol,r,lowroot,0.0127,,,,,,,
,foliar,con_1.0_donor_defol,r,highroot,0.0471,,,,,,,
143,foliar,con_1.0_donor_defol,d,needles,NA,,,,,,,
,foliar,con_1.0_donor_defol,d,stem ,0.0322,,,,,,,
,foliar,con_1.0_donor_defol,d,lowroot,0.0617,,,,,,,
,foliar,con_1.0_donor_defol,d,highroot,0.0610,,,,,,,
144,foliar,con_1.0_donor_defol,r,needles,0.0130,,,,,,,
,foliar,con_1.0_donor_defol,r,stem ,0.0023,,,,,,,
,foliar,con_1.0_donor_defol,r,lowroot,0.0664,,,,,,,
,foliar,con_1.0_donor_defol,r,highroot,0.0546,,,,,,,
145,foliar,con_1.0_donor_defol,d,needles,NA,,,,,,,
,foliar,con_1.0_donor_defol,d,stem ,0.0629,,,,,,,
,foliar,con_1.0_donor_defol,d,lowroot,0.0064,,,,,,,
,foliar,con_1.0_donor_defol,d,highroot,0.0637,,,,,,,
146,foliar,con_1.0_donor_defol,r,needles,0.0145,,,,,,,
,foliar,con_1.0_donor_defol,r,stem ,0.0234,,,,,,,
,foliar,con_1.0_donor_defol,r,lowroot,0.0559,,,,,,,
,foliar,con_1.0_donor_defol,r,highroot,0.0141,,,,,,,
147,foliar,con_1.0_donor_defol,d,needles,NA,,,,,,,
,foliar,con_1.0_donor_defol,d,stem ,0.0558,,,,,,,
,foliar,con_1.0_donor_defol,d,lowroot,0.0246,,,,,,,
,foliar,con_1.0_donor_defol,d,highroot,0.0585,,,,,,,
148,foliar,con_1.0_donor_defol,r,needles,0.0051,,,,,,,
,foliar,con_1.0_donor_defol,r,stem ,0.0433,,,,,,,
,foliar,con_1.0_donor_defol,r,lowroot,0.0602,,,,,,,
,foliar,con_1.0_donor_defol,r,highroot,0.0327,,,,,,,
149,foliar,con_1.0_donor_defol,d,needles,NA,,,,,,,
,foliar,con_1.0_donor_defol,d,stem ,0.0445,,,,,,,
,foliar,con_1.0_donor_defol,d,lowroot,0.0196,,,,,,,
,foliar,con_1.0_donor_defol,d,highroot,0.0145,,,,,,,
150,foliar,con_1.0_donor_defol,r,needles,0.0072,,,,,,,
,foliar,con_1.0_donor_defol,r,stem ,0.0442,,,,,,,
,foliar,con_1.0_donor_defol,r,lowroot,0.0407,,,,,,,
,foliar,con_1.0_donor_defol,r,highroot,0.0066,,,,,,,
151,foliar,con_1.0_recip_defol,d,needles,NA,,,,,,,
,foliar,con_1.0_recip_defol,d,stem ,0.0653,,,,,,,
,foliar,con_1.0_recip_defol,d,lowroot,0.0524,,,,,,,
,foliar,con_1.0_recip_defol,d,highroot,0.0151,,,,,,,
152,foliar,con_1.0_recip_defol,r,needles,0.0019,,,,,,,
,foliar,con_1.0_recip_defol,r,stem ,0.0003,,,,,,,
,foliar,con_1.0_recip_defol,r,lowroot,0.0477,,,,,,,
,foliar,con_1.0_recip_defol,r,highroot,0.0172,,,,,,,
153,foliar,con_1.0_recip_defol,d,needles,NA,,,,,,,
,foliar,con_1.0_recip_defol,d,stem ,0.0318,,,,,,,
,foliar,con_1.0_recip_defol,d,lowroot,0.0294,,,,,,,
,foliar,con_1.0_recip_defol,d,highroot,0.0546,,,,,,,
154,foliar,con_1.0_recip_defol,r,needles,0.0115,,,,,,,
,foliar,con_1.0_recip_defol,r,stem ,0.0449,,,,,,,
,foliar,con_1.0_recip_defol,r,lowroot,0.0537,,,,,,,
,foliar,con_1.0_recip_defol,r,highroot,0.0337,,,,,,,
155,foliar,con_1.0_recip_defol,d,needles,NA,,,,,,,
,foliar,con_1.0_recip_defol,d,stem ,0.0217,,,,,,,
,foliar,con_1.0_recip_defol,d,lowroot,0.0092,,,,,,,
,foliar,con_1.0_recip_defol,d,highroot,0.0363,,,,,,,
156,foliar,con_1.0_recip_defol,r,needles,0.0215,,,,,,,
,foliar,con_1.0_recip_defol,r,stem ,0.0632,,,,,,,
,foliar,con_1.0_recip_defol,r,lowroot,0.0360,,,,,,,
,foliar,con_1.0_recip_defol,r,highroot,0.0002,,,,,,,
157,foliar,con_1.0_recip_defol,d,needles,NA,,,,,,,
,foliar,con_1.0_recip_defol,d,stem ,0.0601,,,,,,,
,foliar,con_1.0_recip_defol,d,lowroot,0.0361,,,,,,,
,foliar,con_1.0_recip_defol,d,highroot,0.0571,,,,,,,
158,foliar,con_1.0_recip_defol,r,needles,0.0668,,,,,,,
,foliar,con_1.0_recip_defol,r,stem ,0.0523,,,,,,,
,foliar,con_1.0_recip_defol,r,lowroot,0.0147,,,,,,,
,foliar,con_1.0_recip_defol,r,highroot,0.0515,,,,,,,
159,foliar,con_1.0_recip_defol,d,needles,NA,,,,,,,
,foliar,con_1.0_recip_defol,d,stem ,0.0173,,,,,,,
,foliar,con_1.0_recip_defol,d,lowroot,0.0028,,,,,,,
,foliar,con_1.0_recip_defol,d,highroot,0.0579,,,,,,,
160,foliar,con_1.0_recip_defol,r,needles,0.0304,,,,,,,
,foliar,con_1.0_recip_defol,r,stem ,0.0070,,,,,,,
,foliar,con_1.0_recip_defol,r,lowroot,0.0402,,,,,,,
,foliar,con_1.0_recip_defol,r,highroot,0.0530,,,,,,,
,,,,,,,,,,,,
,,,,,,,,,,,,
,,,,,,,,,,,,
,,,,,,,,,,,,
,,,,,,,,,,,,
,,,,,,,,,,,,
,,,,,,,,,,,,
,,,,,,,,,,,,
,,,,,,,,,,,,
,,,,,,,,,,,,
,,,,,,,,,,,,
,,,,,,,,,,,,
,,,,,,,,,,,,
,,,,,,,,,,,,
,,,,,,,,,,,,
,,,,,,,,,,,,
,,,,,,,,,,,,
,,,,,,,,,,,,
,,,,,,,,,,,,
,,,,,,,,,,,,
,,,,,,,,,,,,
,,,,,,,,,,,,
,,,,,,,,,,,,
,,,,,,,,,,,,
,,,,,,,,,,,,
,,,,,,,,,,,,
,,,,,,,,,,,,
,,,,,,,,,,,,
,,,,,,,,,,,,
,,,,,,,,,,,,
,,,,,,,,,,,,
,,,,,,,,,,,,
,,,,,,,,,,,,
,,,,,,,,,,,,
,,,,,,,,,,,,
,,,,,,,,,,,,
,,,,,,,,,,,,
,,,,,,,,,,,,
,,,,,,,,,,,,
,,,,,,,,,,,,
,,,,,,,,,,,,
,,,,,,,,,,,,
,,,,,,,,,,,,
,,,,,,,,,,,,
,,,,,,,,,,,,